temperature,humidity,gas,risk_index,anomaly_label
29.649803215052618,45.98356620517911,109.5922347890853,31.930467424816328,0.0
31.3664685910379,53.95224149026191,120.159079206088,31.146189286927193,0.0
22.072380241068004,42.97613930594751,167.08923308001195,34.296257227498515,0.0
53.79310242097567,19.79441518086064,407.9924173487485,61.37922628374962,1.0
37.07008343881021,32.5547569831549,448.23978066187266,56.00418395692018,1.0
45.18968917723801,2.67476685231491,364.5327631086617,66.30731830761839,1.0
25.142196013949242,47.303312231055685,135.65995567757747,33.337767303640256,0.0
21.61284468634831,47.017334783265866,133.06088369160864,27.90592191220054,0.0
25.869324570689237,49.87752120661604,122.2135510765742,29.46072450599992,0.0
26.113437620113928,39.06497041267663,147.4186309962738,31.37365497502917,0.0
46.35747655412824,21.683404887180806,432.56607048473063,57.580059774664434,1.0
17.585066499618133,57.59643308353059,144.41994363412988,27.229086756533647,0.0
20.564241262660474,45.155075682105085,200.59015548074098,30.57793031783747,0.0
30.690378947961843,64.40752346328652,145.6028546891916,28.050144254498623,0.0
25.51410484356991,55.39855593733283,185.30551388538572,30.66529677243427,0.0
19.8252465024609,58.25475631574908,145.48800216023437,24.060873161579345,0.0
27.753585841164327,53.16642826749927,194.3827723152378,32.96696140395889,0.0
22.818588472525395,37.078945472755926,141.00578385527285,28.891751183270323,0.0
26.240304709671104,57.96838148644653,126.08909057954978,28.474321969974888,0.0
44.78588309344212,10.87002177856566,402.8814744513498,58.346444883940364,1.0
38.367639358444585,29.558223221467664,322.89309682617557,47.75618250180119,1.0
23.06464073618463,66.08163631013079,163.66833920503447,26.470227871920056,0.0
24.017013560206696,59.35436472356538,116.35050799383129,25.957241350752863,0.0
24.35965854486446,43.22430921345338,148.71515691028785,31.438337520539246,0.0
19.92260611085554,52.459253582472805,132.8842543559999,27.568361362563873,0.0
23.36685182642445,46.435979828793826,196.83244440543865,29.018085602812725,0.0
26.679371343793118,53.43053200264458,150.81992488528965,30.612324908081504,0.0
30.72824992141039,57.93633879629218,127.44871114106223,27.52820699482701,0.0
28.477989410092743,70.46559428534601,174.4714512695449,28.15402705094735,0.0
21.822359434333144,37.55283483037098,153.87976709647447,31.8298503481864,0.0
26.98639202356314,47.20593836545257,190.3895705887058,33.71231678755294,0.0
24.033815451382974,55.66685157839483,123.30492696052018,24.53639213994015,0.0
44.68237712692322,16.814266201139713,496.46706702313685,63.60279440154706,1.0
27.85127151455815,54.40041679219642,133.96296011942619,30.741803823131534,0.0
31.431832267975977,46.13450830160501,134.68906563398906,30.405922556403407,0.0
25.177655302043465,35.91389792675346,159.0907970656242,35.47971318818188,0.0
23.49472886924639,64.77365860588827,179.69198471153908,27.07039116784014,0.0
22.523508409622465,59.51576391139712,156.34349153736434,23.74020045646719,0.0
27.37498808188881,43.96579319984514,142.84989445299723,31.22420869187323,0.0
23.044491676593523,51.18933965761689,141.1489822264744,32.61013088829438,0.0
30.007064575868178,59.3877908598826,164.6103245118121,29.551866849214015,0.0
28.2668517909021,53.49058935739226,161.04851623923523,28.836243039303426,0.0
25.772651172168292,55.1638734491286,146.68415634043566,29.495313076875597,0.0
23.649803585562267,50.39088056260564,102.65963332615536,27.847589710751077,0.0
25.261141204714512,45.85910960771063,180.4289630206374,34.41848273867405,0.0
42.54048776246898,18.01107339191742,393.78963804701004,59.523650772634454,1.0
23.27254527806596,59.8887454016835,173.15538505603982,27.062857188653254,0.0
23.125544266912964,63.29007371638296,162.30047119981998,26.521576234594296,0.0
25.041787875738837,56.02673296883626,172.1721847524325,29.331661431082168,0.0
49.84092330266431,25.90980425185967,383.03054666407826,58.55483479160449,1.0
22.04282186099337,34.050114859428355,133.5470877731186,32.52413931218839,0.0
43.432351569138014,29.816634024625987,397.43247291566007,52.576439347844754,1.0
24.17484490854507,58.73048096475415,174.13493711477926,28.074741414712516,0.0
24.375633248928175,49.42718992468749,163.6571062000925,33.442014322465724,0.0
27.613374110295076,50.95664294731323,162.45554371241963,27.001290535587938,0.0
25.22741367458118,62.909690152469175,138.36723858049868,28.816098309478022,0.0
26.565824696850694,49.63531186915602,154.7395404149686,30.751382601627242,0.0
24.096688913232132,53.059277969472404,161.30929490624334,29.734789728344886,0.0
31.82126130491561,16.950249840281266,437.28766257041536,56.821924285175456,1.0
33.160507499768855,56.083317249154376,132.6894755031536,31.60493777720682,0.0
22.710222530372448,50.51579531848096,150.56164732030115,27.79386871583564,0.0
20.330112479428287,48.63852301980057,199.8916872445991,30.754322330250424,0.0
24.920458373652348,51.75320262131151,146.99047090116005,28.725468314637954,0.0
26.954173753917395,44.486497455283455,172.4209828966383,36.60324665323835,0.0
24.516142865001974,51.528792544159224,160.2454664232128,28.400887764298844,0.0
24.422917105656634,49.23763574090438,136.61679535115192,30.106673346253302,0.0
27.698799626299753,50.62908152252872,143.53009843332245,33.920086369843816,0.0
24.566918764228173,55.38545081015967,154.97370366991237,32.884879524933474,0.0
26.541357852736628,55.081374413455755,162.71812558074834,31.388420719820562,0.0
23.945459547876073,42.92157828778479,161.65895936115837,34.09269341039554,0.0
46.83740832737152,4.410924129433996,392.2121081553327,63.82943848787124,1.0
23.53718132778252,45.63004441398014,140.62009049190158,31.53794960166359,0.0
27.272523130141916,42.76873886828168,146.64302094534239,33.17439457238329,0.0
26.94306561430208,50.76896621552787,133.85089552188663,28.911870090313514,0.0
25.19284005728639,50.3040278253456,122.74002306392885,26.929226896256587,0.0
23.885677402012625,50.117505557833574,150.85381043720062,31.20202618882598,0.0
21.571089106508133,54.58066225084927,150.53279121679856,28.15550290226632,0.0
27.254161370115366,48.50422957611643,145.22430593499578,26.677973293252876,0.0
46.95347960464072,19.572804046152413,415.7518919286501,60.401785837213865,1.0
18.79767369988037,45.34655268841085,136.89779005163518,28.541958575234773,0.0
48.46459311515805,12.365517839177508,392.506839263745,62.40896255472134,1.0
23.359423176278824,40.20561410968507,160.10736887404244,31.33129928559749,0.0
57.13358243172761,0.0,412.9622811288624,70.17710553908523,1.0
22.075954989318035,55.14178207894035,190.99911323428483,28.12479625732787,0.0
21.426089508392053,54.558138241857634,190.30695644971615,31.8756238097818,0.0
25.144254839984146,48.84729955422708,177.8580423667218,35.93222686438873,0.0
22.73879150692753,38.55379918305562,163.78713440101168,32.386799712010195,0.0
25.32818438381468,50.456104999176674,139.08200659898512,27.476934966386473,0.0
41.96649852617352,20.731278132412,410.31010160571003,54.42709741131891,1.0
25.932722696794013,42.068861204349545,105.67418829482796,29.497347388501886,0.0
56.8193624730968,20.82026567084727,418.33546814205937,65.21396157367505,1.0
25.18069062982308,51.995069469686044,95.68326134964909,26.15619898422422,0.0
24.7766622527015,67.30603778644368,125.63676738323396,19.761059255244867,0.0
26.84780682083279,51.4764104255763,129.79335695897683,31.40060405936552,0.0
25.387663545925683,57.422721024649896,156.6469557413012,29.729871988959026,0.0
21.992411906086573,58.07853671474108,184.36095232927045,27.760188543840563,0.0
20.859695625355325,45.571294066336044,137.27590935731254,26.483676665030274,0.0
25.842975603205097,47.927662833434376,138.1540163232271,29.11112439524407,0.0
26.42149876273536,53.65402575323027,173.82186368007348,30.882301906794677,0.0
25.830072397990058,46.43053253428176,131.4382353575488,28.470346928935484,0.0
42.17612997914529,3.4898591638049297,280.3545611639711,58.19759479633635,1.0
26.835028866522602,59.51213224886041,141.1708426797328,25.871406963688703,0.0
25.14556488383448,58.68716452665262,141.7845381062754,28.041784439724914,0.0
20.85160080710699,52.57358244956811,170.4472414506257,27.877581392143906,0.0
25.245622418158966,53.39332757121533,125.3205118212204,29.289234934474695,0.0
18.924572240027178,40.19387469598127,121.40684481698345,31.096896674456058,0.0
23.45839924798992,51.87028729432598,141.80263208717705,27.6370052824399,0.0
24.26383565199139,49.67873639484525,153.08012016961214,29.762672010793807,0.0
20.866991896128727,55.58578650890872,104.92150809360137,22.51250344898135,0.0
28.09739578165344,52.08539012659126,172.97885434025005,33.8785206418708,0.0
23.060281347272422,35.31035701517363,137.29649505881724,36.05622058502445,0.0
44.68904491500344,21.979032725390276,397.5198396253587,59.633020723825666,1.0
24.33709120140033,38.69028402476016,135.43103355971044,29.725852073365743,0.0
23.60281073928923,46.4821515338066,110.92022978258358,31.19408361978727,0.0
41.55136112967913,12.559195263257987,314.777340807712,57.256795550897465,1.0
25.783165816539668,51.17370949146658,133.05637573687872,30.281060872043604,0.0
21.89427303274188,53.35215207492836,171.85972951781818,28.09244861665916,0.0
23.27901397935929,48.89235212812981,160.91846379333774,29.469744605457695,0.0
30.089369104870116,61.820240648442095,172.1913856468459,29.67813882623919,0.0
26.02345592444993,44.779008165580876,154.86518638093108,33.77099506683921,0.0
31.81207857341319,45.15428061597329,184.32121186691325,33.44881779880782,0.0
27.616961910162033,36.456345486436916,178.10281799965034,35.955401333362246,0.0
21.62353285810487,67.32001875920866,138.697741679173,23.679934161629845,0.0
42.26659957706367,8.646376111743706,413.9920009827163,60.077761661997215,1.0
38.81168788836351,5.516519957757993,427.2543804177179,62.30121903176786,1.0
22.67863240268928,38.62551466606525,187.10290071339912,32.77923770448282,0.0
25.594254282303567,60.318022032661965,84.89465358432165,24.20800703028588,0.0
26.81802985403692,46.3741756053818,227.74796390013404,36.31758279138532,0.0
20.7095758661181,59.28661429902816,178.1676284206896,26.150211679736838,0.0
27.507076336195425,51.28459184839892,154.1190210309129,31.485106640735296,0.0
22.133378678198724,48.78024130895565,165.03016872322786,24.76451333909959,0.0
22.18652488025463,53.147883083374,110.39660142486275,24.59608482141573,0.0
23.575164066517132,55.21858302730736,181.64269602161752,30.329239822894014,0.0
22.42852733075115,53.40366049427972,147.92236068428264,28.89071591009855,0.0
21.680995077981915,62.38004161064049,96.95362752478513,22.119293206439977,0.0
23.014640605694836,51.795614548479776,149.16925023388848,28.995055338990593,0.0
25.34268294598612,62.107597945937044,170.9735125117403,34.03965535938981,0.0
17.140764687730766,49.734984217009625,190.38439223673606,27.488964230778244,0.0
24.257444093345487,59.31791483565737,116.84880784794905,22.79315591650691,0.0
40.999807178011764,10.438791725258117,354.791851013043,62.354769493929325,1.0
22.665085823793063,41.04306053368791,171.2275527685786,28.18220608190203,0.0
48.44853902622597,8.479111114069394,353.2888179492826,59.256636915206684,1.0
29.693930967442018,44.15255968046465,126.93974538753744,35.7425055503925,0.0
23.36524273957315,44.26542143517756,155.75176897978506,31.916077614828858,0.0
25.69614981207291,50.12463238065174,140.75974159890916,33.03599440012374,0.0
26.7296708891673,68.55463631985356,165.39427874427855,27.85082249629718,0.0
43.82689715021293,13.035334165719028,410.8022943356569,64.24156224899741,1.0
25.587535765293044,51.12708997528963,142.65082630839544,31.245457019554394,0.0
24.39086384187102,57.47455928991419,129.28757438049385,29.41143818735605,0.0
26.55297706140737,45.18230351710576,96.1664270032189,27.384524155885405,0.0
28.406696920541798,51.5807968375392,153.66982529963875,28.715849247184135,0.0
30.546868284836037,52.47066410079171,146.81127199056164,32.1342173768985,0.0
25.779648382745272,64.77309596838133,126.81617164523564,25.585265046113804,0.0
29.061617122496237,54.41991963533718,127.95313371930706,32.17455386101928,0.0
34.236642425365716,51.536392931920254,146.51384310797502,35.36661193260281,0.0
19.037293256197323,59.507146187584674,139.2094921820488,23.72619081915707,0.0
21.981947855500895,63.067452258408764,201.85206674374933,29.67290148849771,0.0
24.54464471489325,58.24226763225474,129.75991200195884,25.67293300844592,0.0
41.42120005444624,25.305805856240575,408.8216570805547,54.703507485329155,1.0
44.66410854975322,20.107920885275945,355.8054882774992,59.71566769175626,1.0
26.07336208104485,61.194843492688015,197.52976714382518,29.817731215462622,0.0
24.44302307000855,37.874047080022144,147.04828682522304,32.60168863649291,0.0
20.56443402889772,51.33161766570445,123.440161796328,27.92751598293739,0.0
25.641939732202665,42.63461125536507,147.4194561766876,34.38442661347661,0.0
46.860527363034315,23.745170741325225,410.5608032533468,62.3738255909084,1.0
28.35872473430373,47.527068286379986,138.7452683787147,34.29533162126892,0.0
48.4102603285631,8.42165446147863,448.71836609222237,66.04251422362223,1.0
28.15945855999871,41.9221543623205,113.75886950753674,31.223858486383165,0.0
18.62831282707058,57.346532848018505,134.33206938525086,24.88911680694965,0.0
42.81617881380891,4.674760964724605,488.7512093379254,65.72551218598196,1.0
28.242342176663865,55.54484485810515,131.03761663249827,27.58426038144194,0.0
28.24915372952583,50.47704295936139,132.28983082723843,30.715619856965546,0.0
25.811370477339516,49.79978433003885,136.39714994714518,32.146112986907504,0.0
22.537953044944867,55.672030060708096,109.95085470257078,23.92191419656777,0.0
25.214698711658176,53.67977714351293,110.04689120290631,29.12104956914274,0.0
27.152626767387886,70.63767470123454,162.63675397916566,25.105755502657267,0.0
24.887095892725455,49.33855451325841,166.64810630136154,33.01095213746888,0.0
28.087466911976932,46.271707985054064,172.25957908799467,35.05280470011164,0.0
40.41904042259379,5.922438198530797,378.0692482029969,59.745022305494516,1.0
25.461175317836584,55.12674289013608,130.09935357991276,23.88511452297228,0.0
22.33145671112343,51.02483531928631,151.09006115931135,26.788143025235485,0.0
26.212152570443614,50.37149238524919,143.96855863453644,30.794675878875715,0.0
21.76676566621208,50.96025061374609,185.27330949365677,32.68153436763718,0.0
24.976082076050147,53.10862883624771,158.168619115058,28.812240500079103,0.0
38.77141311776808,30.541604207147742,334.4206334989826,49.86823700547813,1.0
25.61039090760167,57.653618534356674,92.59547617156905,24.94947628873448,0.0
22.722602015338907,42.0829749074373,173.82812613440217,34.8673554893391,0.0
23.592473043685885,53.52379790368319,176.7537559579107,26.945561759466937,0.0
27.276907661479804,51.58328626770118,127.72019436461781,32.885384720054574,0.0
30.266022527329614,52.47856568181622,156.9344234489548,31.555118388388628,0.0
27.440551652109008,51.95040571016959,173.7576897993394,32.52592723583015,0.0
24.34695639031834,48.474540793893226,193.3128749871273,29.99831581647413,0.0
20.117372686350514,42.485316849449966,120.47967961727888,28.429462542599797,0.0
43.52455042881047,9.690291021880356,458.90682703003927,65.72469822730895,1.0
24.307196409373965,59.90626457146909,145.27199023057418,28.080346173734714,0.0
25.340552035753745,47.210782924737124,174.12129082743644,30.455644337739667,0.0
23.621917301379266,60.413930315190385,114.40107118874637,23.153251631037783,0.0
47.16479912680348,12.033925409302016,354.0923444073733,62.287306712334264,1.0
23.846333367310525,47.580242508094976,188.7255037873797,30.57593108598986,0.0
24.253107554562778,55.070215047456784,184.01646489596627,30.732689069646046,0.0
21.169754272539073,57.23147872868956,133.74940163982754,25.00459782333971,0.0
24.837115400446564,54.690912150040745,116.74215935652526,27.290160034707988,0.0
22.628576633664064,54.30636863239707,141.04149619946944,24.56587597075785,0.0
46.3174360766553,7.152380918722966,356.10789889468623,63.34311448014879,1.0
32.897146194512175,52.93892405452942,156.5312632808464,28.665898140656196,0.0
27.86200529047961,66.60208698100212,190.30551570638562,31.51390003031276,0.0
27.123255806366426,56.35411743697462,146.10254555158332,30.751844076397227,0.0
26.214945132882868,61.04073083317961,160.67985904679213,23.991948852742297,0.0
53.36726045149268,8.756546102867759,396.18143011643707,64.24343682457483,1.0
25.297996916287676,45.12390238272573,85.94165853011724,30.93814831772353,0.0
26.888886525770836,52.77190780718394,142.61299204927099,31.82926095534616,0.0
21.8268672131323,43.85761947916697,175.74902043952903,29.896323994969922,0.0
20.397657487793133,44.25274187544642,130.77144125531754,32.90491909965867,0.0
24.252891881330864,51.13373530911924,142.09817859932375,26.396776558362824,0.0
24.262770807742168,53.19750361402113,190.43031437421558,29.145371230343617,0.0
26.779303773905152,62.336879620543,129.23888983608586,27.71699611534941,0.0
24.9595083257862,41.96687386598346,133.91125419206344,32.49632130523155,0.0
27.465707513125672,64.3564629081423,141.9419882697165,29.912567391409052,0.0
29.507071156288085,43.570603456242154,176.50524768747198,39.60177925090995,0.0
40.87294735010522,25.450884740847535,430.0231667008706,57.07101554384724,1.0
24.329611644022446,49.97117968727545,152.0609938233626,28.283142184359548,0.0
25.291232648044122,56.56385744957891,164.66734503688187,25.24474462541376,0.0
28.018878427643322,46.89458545167017,119.02232310865247,30.49223320931283,0.0
43.60518534834096,25.817667276728287,316.63548242005646,55.81545713236959,1.0
21.262783663864035,44.544126016017614,166.78350191126165,29.74576740243602,0.0
26.688907710071714,43.95403872405724,178.13586961036924,33.99854075109214,0.0
27.3125955816609,58.31923749916861,154.61851447239312,27.383627253476448,0.0
41.87161356251894,11.48078682183491,361.5981481888215,54.7201193815202,1.0
25.978399066726354,66.49202861309118,160.4599555222171,24.82325673496192,0.0
21.610879436027147,50.024368161227315,151.27219254640045,31.60265382962536,0.0
24.8214239318146,27.211659034959396,170.27020682899456,37.8705876981943,0.0
31.226202395936316,54.634331996808704,156.16261946080013,29.89478437834007,0.0
25.03900567563372,46.381549446007384,134.70577272736787,27.402855691588314,0.0
19.398204422224758,45.41039996849137,151.9212970739692,30.747216930715926,0.0
24.448049990941964,58.709988957633485,166.71854138981283,29.167625544925112,0.0
27.46618047998347,44.58886158352584,204.27356793744534,34.543644700689015,0.0
26.682353579104703,57.39706946330215,148.4834796546345,29.228884303751304,0.0
21.797138711852217,44.38406649754596,150.0301368840556,31.76928135980514,0.0
30.49437629756306,52.55825547314029,167.7075961800266,32.164322477432805,0.0
28.738255577492886,59.57305189316521,158.69191208845842,31.116897230667227,0.0
29.93490314050385,59.70478159983347,134.55870261414125,26.85642960870269,0.0
22.876991603143658,59.381832154074914,143.74883713502618,24.599247324488196,0.0
22.60931423358857,38.12081625240077,187.24658596505205,35.09607439599411,0.0
26.86542988665159,53.73143985946821,177.93497039756153,27.481351410522066,0.0
26.641292143510114,45.00984831443356,120.15187484002362,34.183532354809905,0.0
45.37977633958044,3.2440539437514833,378.7514282156961,62.71236701966778,1.0
22.3484276913966,64.38149221479618,142.02365160833455,25.651530050259176,0.0
23.84405920941472,56.80177393690794,129.8532483375953,27.597869461805082,0.0
26.502751562873144,41.47909069539702,144.28500211649953,31.280509386473362,0.0
22.055474046856148,57.97013455557712,182.7577186529902,26.236486983591384,0.0
38.30697100138376,15.953441994413081,411.6877091330549,55.55574013910247,1.0
49.62135069768915,21.227112239002686,355.74825950353465,59.14065192203968,1.0
46.19702250267689,23.902475008365087,390.77901499278994,59.52971573171753,1.0
50.106916477146996,18.8632331781156,392.52415367352063,60.95001771735119,1.0
28.447819978857027,55.89475117673947,134.2684151576803,29.275646442628492,0.0
27.038793246804026,41.81765947841276,150.4712405736212,33.21574244512375,0.0
20.69241354646168,53.81632661778497,144.6269742427816,25.117493964480857,0.0
30.437345673990787,45.76757858122964,180.89529050017347,33.88358754550149,0.0
20.804297278542577,48.60032194643673,128.25842296813263,27.74498889389261,0.0
26.41779244723913,37.242375461865635,164.38012540266416,34.86929634622661,0.0
25.347023902878576,52.23195329779042,99.90344088983116,27.38000063101249,0.0
27.467634736309567,49.72252090090575,141.63061669733648,30.769796902298122,0.0
26.51496183694137,58.62944666745037,136.28187730647596,23.994046082108845,0.0
25.105790655915186,50.60804313129929,146.56570529001507,33.48276597702326,0.0
26.897223217166562,52.34846345733303,154.0004556463197,28.690366046960627,0.0
25.731061634475736,61.00565450649296,140.2087858144552,26.0158050389411,0.0
23.660455143798938,51.66706246358042,103.12068825885638,25.800724546129274,0.0
25.167174736866084,48.22997101131382,103.3365012159846,25.179100621732225,0.0
20.753887773848756,52.94938647098321,158.76575248183897,26.44124165636179,0.0
29.426068650848656,32.77287909117028,181.5480375178498,37.83414985418871,0.0
25.649375768745923,36.651327408979284,155.83040328158754,30.504256502661207,0.0
25.744661758901007,52.39434064325194,188.33584253240815,28.909339386797036,0.0
24.19333392833551,51.92602543590855,113.72060774871102,28.17510394366038,0.0
22.65024012299129,41.8301374629543,123.65793952134115,32.09705132752537,0.0
31.943975700020527,54.182683904284,146.71857582269237,29.25843242065334,0.0
27.807035179442384,42.9000625775832,166.6578125227303,36.46910091885264,0.0
44.74897691479128,0.0,479.4910399692323,69.54753816320692,1.0
29.653455926567567,44.612075006049054,143.38712896723473,34.82858528143315,0.0
52.436230776679636,23.545252270666158,379.47214541946414,60.08192545998017,1.0
18.094236505793248,54.87310496725742,180.90326804515544,27.15916951866692,0.0
26.197408343056214,35.06770706341552,162.44357722728486,31.3156388272524,0.0
22.822768560539604,53.75019404860019,177.4288177938424,29.01248377505657,0.0
24.881334538430036,54.95323408804158,126.95350467186717,26.985568410782115,0.0
26.88503652779284,52.63009928242784,198.95868635551486,34.08242179681429,0.0
27.361253811227357,60.63322024105945,168.5531872767973,29.59400320635438,0.0
23.71935679015774,45.33538049144849,172.31493345748274,33.49124666213275,0.0
29.99642333338773,40.640665314317694,150.1765789657044,34.07403316254344,0.0
30.89417539874917,54.46661530017378,171.2724490541993,35.47275377777923,0.0
28.603641766491833,59.572572013315934,189.51351716420933,32.4621326004965,0.0
23.409227144882678,59.82135193978634,116.35322691316964,18.876049241671115,0.0
22.42492665945636,61.94150855167617,105.594119177542,23.721940981086142,0.0
39.901678306539424,19.631847952675848,363.0213604748178,54.66559086722795,1.0
28.043110195054393,27.021902293746805,133.49197151316383,34.58917774167557,0.0
22.552569145103686,44.55158674020095,192.37627601076883,33.99085781988957,0.0
19.260159266026605,51.5724382120926,148.05407007467994,24.340799376290875,0.0
19.723781540730656,67.68418401273081,137.7090953591988,24.172358095904485,0.0
23.54390935651269,47.43722153444544,144.72174402930764,28.45187756237292,0.0
25.205688924418084,65.04925655552472,141.26708009704507,25.05571131800311,0.0
30.29636272084329,61.81232279780717,174.23643001316842,30.244662534572267,0.0
23.339052083958453,44.35990515393273,156.56403322504812,31.393489048137166,0.0
27.87781247825562,49.49925497680382,154.86840486796936,35.15916202893534,0.0
23.56247728646413,51.623384166810396,182.92787668349663,31.219276021217716,0.0
21.13011730077684,53.92779961310601,139.82409217683048,26.51744628502094,0.0
22.507149650766888,53.79758586303962,165.0796857770586,27.550367777369463,0.0
26.042745116085012,62.34594822617751,140.32250743813998,28.36898186045545,0.0
45.290113674041976,5.733016911526892,391.51164120395396,64.97392136537104,1.0
25.073530522776828,56.07142871829412,164.83891805702154,28.795042575021586,0.0
54.35482587685891,10.341944308818372,418.66683927864324,71.44088248879113,1.0
27.557300004388672,58.37678642089723,144.79707856818652,30.125569078916936,0.0
25.451181359428624,57.52616950390573,162.82713550243233,27.43608349160486,0.0
45.0168775329858,7.417179311124098,390.5377885112422,62.329482801375704,1.0
26.545143058918143,58.39642172255468,110.47023244919666,27.923439506050816,0.0
28.431262129620787,64.60807770837549,150.16999611399996,24.866111481237215,0.0
25.523733438495515,55.97002852821777,197.4970483723804,31.938117857903247,0.0
24.44529359067103,54.74021559360946,112.42299245600455,26.031760979432587,0.0
28.538320362163862,37.25605013174665,158.78620518853958,39.622907718348145,0.0
29.2083829328083,51.06375739317501,168.47026202218757,33.270154387104185,0.0
55.442213864349625,12.955287790138785,334.7810702513944,59.971291248828365,1.0
23.775773880935347,48.73176341578424,124.62264520430328,28.72523474155619,0.0
20.944946183151,48.37060999858427,165.42514873941744,30.29626646807625,0.0
26.386310422789812,46.0499473347095,184.8920952697489,36.19503033440151,0.0
23.84475315875105,45.55618304671796,158.14490791455415,29.859409740357645,0.0
26.558039542723517,30.004754281011415,148.62764998459284,34.246507225604134,0.0
22.105229618259685,50.35049177583288,195.01277953777134,31.492720983435824,0.0
38.71746552860372,18.338599665685347,420.3307455869836,57.71583807696226,1.0
21.266035890065748,62.010669215643894,158.8903337196415,27.51169989581509,0.0
24.811962708180484,52.64704185771566,170.62745661669086,29.20675419158403,0.0
24.942951376291933,63.13612128109095,135.1084676489127,24.104144732497712,0.0
25.03069918305876,39.73606220649144,169.4915133067335,35.50830740170391,0.0
23.796338584342493,69.51801925071419,152.2395170313812,27.68162378514494,0.0
46.40318202245068,14.38235800139871,421.73917514680375,63.969730576158135,1.0
52.21816001734407,13.655032155982672,408.6158602182515,60.905543096808785,1.0
24.102977948602398,51.790303613111185,188.0329012980613,32.11182533211539,0.0
26.420777291905544,32.409552347039345,142.4205054291431,38.45634693901404,0.0
21.78732250581666,42.264190854966294,112.38199064922495,26.947431621237286,0.0
24.892521882670145,38.965446175883784,140.20604627390446,33.18233480684375,0.0
26.76495161945373,51.91031327221211,160.60152611160225,30.239629007835617,0.0
22.968514865463664,53.628274412111836,147.3512911423966,29.114630621459746,0.0
24.709860664388824,48.45072432576225,194.88028389780806,29.96110953006224,0.0
24.558827855493583,57.71269734630686,112.42574179012118,22.946753530841203,0.0
22.886968928371722,43.45440893262154,140.4007182011912,28.805858963474947,0.0
22.23030026166729,49.19876738816038,176.49840960116555,29.28555502164157,0.0
26.630080577139804,54.237542034853846,169.61510719745058,25.374983339612143,0.0
23.58688508314503,48.61542540572904,165.53929724640128,28.697680422357934,0.0
46.945795978339646,8.502347731517329,450.8941400042707,69.55355019907077,1.0
26.071046457895143,55.86112061772464,147.79092601986662,26.145585403119565,0.0
21.54701926773309,62.6365771658457,138.8169526085312,24.649529967616203,0.0
26.616730131053977,49.20888277447086,148.1058928366135,34.659629942031465,0.0
24.279023805525593,38.65307413653575,169.5847627320649,39.06530525121054,0.0
29.36060223147195,30.608965386968347,149.0740800737897,36.51245098641649,0.0
24.29623859987456,43.46451463210211,154.48954454848996,33.06333284833396,0.0
24.80176060405805,48.29245703255834,166.8215308991705,31.067181228233675,0.0
24.520184410109717,39.41528165274001,133.6558415337795,32.32059433734629,0.0
30.264382545953094,57.64244166856409,145.4200845319903,32.28843010214582,0.0
27.138995290517165,57.46072665498472,161.5515223312974,27.493885678782235,0.0
52.68965959206277,3.6231432957518344,374.57768634382387,67.05818825108074,1.0
15.276197979792782,59.19012560297683,169.8372180138053,22.536073661726796,0.0
49.87908359672355,11.648622188285483,375.8407749612308,65.24809533167763,1.0
24.072362872446355,53.77132445109123,182.939938390199,30.553322796367077,0.0
27.132879904610476,37.79474948343924,135.06224513270897,36.31862084944589,0.0
23.22528583349251,41.57267549461075,121.83081327725486,31.133174471370555,0.0
41.5472947384187,24.02277173786647,378.43509187404084,52.967537338660165,1.0
24.67371955462943,38.88342026589123,163.02806070948347,30.268079781822795,0.0
21.307407050698135,45.487370954106176,192.76533431454814,31.47973606797722,0.0
29.3247058619737,59.52517019829073,156.09882994771252,27.02252062871837,0.0
24.678908920136326,63.38057909470163,138.09447816138353,27.43965305614656,0.0
24.181829290756987,44.78914484966537,152.60889843808033,29.138340282983215,0.0
43.50161675996606,13.23225836884218,345.2673984466876,58.889462343275255,1.0
25.590583707607372,48.28808924619593,123.31167714364318,29.002168006974237,0.0
22.373145239845726,52.13913851257522,111.1560308495984,25.999017142539053,0.0
27.044502092117874,66.45996375769359,124.90106569796254,25.04905170058555,0.0
23.194880163311808,39.24439591172578,162.11832043236188,28.133894606599103,0.0
59.926295013017054,9.942532957380633,429.80021251509123,70.42623823281778,1.0
41.391312233313734,0.0,407.35338065290017,61.64710881830808,1.0
45.19118997480014,12.941405691196596,323.50980098320895,57.07515369942955,1.0
21.289147867365756,37.795798632602086,174.37994074456074,31.98066480474966,0.0
25.0782731506325,46.34322994730982,136.84912893331048,30.806916334659217,0.0
47.57127378008917,6.389120898264295,468.16422065021965,70.36342010449968,1.0
26.015489222483243,55.423406970714154,145.24902412496263,32.79116761006111,0.0
39.38727596877793,12.98508466052482,469.55405407413326,61.12409121824199,1.0
26.447417245729557,49.618309150864164,169.00139909224006,30.981965658989463,0.0
25.3327677691296,61.627075816941606,177.00120164286622,27.21800289434665,0.0
21.015441853304708,57.87457918781267,201.5631229810786,26.69649400346279,0.0
25.015340369927383,59.65207173206686,162.84769624147287,27.49386494669766,0.0
26.099794738290544,50.27266774607381,150.00517662295493,30.135358748355934,0.0
27.548806291063073,50.415567086458395,147.25975490185422,31.43388709778384,0.0
19.869494822030124,54.65678162774893,169.47341258780284,30.930779289713588,0.0
20.49057114064568,39.62534441635323,110.89395970722371,29.283307896701018,0.0
23.312599672317198,39.96568461464601,136.292817587735,30.654833687149413,0.0
26.868549797042498,50.32473352963106,155.33234268432346,25.852124823704482,0.0
48.416644964055344,20.522999376795234,421.3926934538364,62.05916731095364,1.0
46.056418461397364,0.0,350.32957698073506,62.79845062452241,1.0
27.13484463426667,40.04909411686972,109.81100339077565,30.479891750603432,0.0
26.025267927331477,42.140100851693525,168.12739467119994,32.0420121599006,0.0
22.271837635615782,41.78787760471152,143.51133306040208,29.82360459154332,0.0
50.84794996213887,22.89056687375519,433.80631884737284,63.2009153702591,1.0
25.450905284385634,55.04649347643822,134.56867033632693,32.510680088871354,0.0
29.737638446522176,51.7770701730697,153.06675789986988,32.48734480051673,0.0
20.017117199452024,50.689151064370996,175.8812333680938,31.70071930350633,0.0
25.81473651158612,53.49247843326134,112.58676862274802,27.921887446505302,0.0
27.865426961503715,56.668231692871395,128.3217446072275,25.551517763154653,0.0
59.745472126543625,16.448878330968913,383.3522238045898,68.28200075974644,1.0
27.26617367747727,39.50531014119872,137.16966083821038,34.364220835595056,0.0
25.779167505164445,40.32244205727114,167.8845328860311,30.44579653477394,0.0
21.11476368380915,55.87902228839854,167.15796142391753,28.455708078051543,0.0
23.319456879409092,26.829956974450486,141.65451275609976,33.98567014416068,0.0
21.888261537020632,57.35261186390215,166.7620154310303,29.01862387207765,0.0
44.12822871048582,18.113086734428848,389.0402767268278,56.323429449683715,1.0
28.010598693676073,52.675654319896196,137.38062696929455,29.807377791533174,0.0
24.937295218107554,58.86546253390013,147.31744639989427,29.382794443912907,0.0
22.21920858526575,56.173589685186755,146.64228146323632,26.391499729087982,0.0
49.05698277245796,23.970661968871323,436.6156110224065,63.07232623788549,1.0
24.289544179779973,46.12891332756543,132.0211670189395,28.92930575206403,0.0
25.83990587895946,53.64710217665286,172.05832655808524,29.986561456459874,0.0
43.064346751052426,19.692675898085263,378.9500857393032,53.37318457576066,1.0
41.07006983682509,17.60442263333556,316.51891925591724,52.277910469583105,1.0
21.333616573324164,51.79747780601509,138.3898934422653,28.61988732953607,0.0
22.450466891605625,62.49208957381482,143.33369176913962,23.062990506121636,0.0
24.895034528509115,50.535925737798976,136.60496342369257,27.176752206692083,0.0
20.78001670945533,59.81546579107446,140.19968400202177,21.92908688247667,0.0
45.4284358070168,6.956842403400076,375.656411070412,66.14802352561887,1.0
31.56940879965302,42.091271142792664,130.67805830440977,35.04621619915563,0.0
44.88223924562881,16.972922656312065,462.5155507403279,65.5589717404668,1.0
25.05530179919618,65.07669044747688,122.70747809651715,25.12823467127646,0.0
30.628512517647657,48.202934800023804,162.90445717787395,33.59203355188491,0.0
22.893840718367944,58.53339751671323,171.7824324364311,27.49772122527076,0.0
26.039344628490927,52.816443172114376,166.9468829882727,29.6797346482808,0.0
23.369725686598706,43.1958363663256,123.22365800877378,30.675078686113633,0.0
27.491007449632736,50.25603319252613,139.26888949253345,32.86220550960505,0.0
49.29793943489901,18.161559571827784,380.01079295393475,61.843829369142384,1.0
22.697957311335852,47.75459938506581,140.28703867277784,27.21909786088073,0.0
26.842500100130277,49.110191509210395,89.02957104308928,27.131774401516143,0.0
21.36695140071263,61.92580909479962,164.79535334353446,23.230700093968604,0.0
20.993966923869696,59.18909879542972,126.07122712762393,23.79102606092743,0.0
25.642281232390612,48.02258093983522,145.99668011083398,35.213275889625066,0.0
50.621766799352514,10.569559788715177,438.05797108232343,68.84451952316255,1.0
26.872359451156466,49.48689322725606,177.52399087496428,30.094748090597804,0.0
21.25665045410545,41.04264084299085,108.43770029910814,32.99418781662783,0.0
41.08117167206802,15.15618333949603,375.6849895729673,57.86998170746854,1.0
24.833356903310143,63.0271729850283,105.77310237777203,24.399276948987875,0.0
43.72522103223151,1.0069382519805856,430.31687399694476,64.51396775995866,1.0
21.406366322233453,49.553847378738354,154.8397477841886,26.59507100984618,0.0
47.823029629468,17.965755451407617,331.84513652693124,57.42669358858183,1.0
42.959495804198895,23.203440126124562,389.64582398520673,57.931288738591576,1.0
30.02931193682585,63.69366784113875,148.10122440893693,30.432653119983456,0.0
43.3296138451003,10.205070326007567,385.33971918527794,61.999126584999544,1.0
20.18066103922728,55.664869413508725,113.90362959666146,23.845363947536786,0.0
40.52326838818488,17.53165238037981,448.923322683813,59.67952476046114,1.0
24.53296829382376,35.58415649935984,191.53675414320045,33.07905922415066,0.0
22.480834473457673,51.439153209227825,125.70858163646785,31.67612904405132,0.0
22.921271214218038,49.35426735913134,140.7497242529468,26.749089704496676,0.0
26.512139546553534,52.99245255878058,142.40684928058337,28.20624724132179,0.0
49.59227221971207,18.423378344896214,390.81805378558613,58.685243278735975,1.0
25.923405306676177,59.768269564202825,160.98753076550565,29.979420819688965,0.0
22.840467374815873,53.939610112065196,160.7076774301912,24.389805230661395,0.0
22.844667336242694,62.756040505799774,178.1512562693042,28.07648017634091,0.0
20.28932584032863,49.71486814162013,186.21248074732316,30.95497869184798,0.0
27.177299871696075,52.148738230906055,148.34668463435443,29.57532251526674,0.0
24.28315585940077,61.12166039213851,151.02297938489303,29.851993763399193,0.0
23.469950803435758,51.47744244691927,133.45044555508477,30.410151605854217,0.0
25.533103002799763,51.60455357784754,125.90602684473473,28.226535549458635,0.0
27.778532642594925,44.65527637085561,159.41023815243793,35.54662387830747,0.0
21.756830378775213,31.096540515665293,147.91405075524096,34.285232903962,0.0
24.585207096486446,45.87164217426101,184.37191047870462,31.070415688692503,0.0
25.554508371084623,43.57456839455724,153.58471168355626,36.41282049453198,0.0
25.275282329606508,49.86861683141798,174.95777245369902,31.865465413808455,0.0
23.56702765970465,44.57827704198315,161.55431665204858,32.83928556306638,0.0
22.513014967233783,57.984080878877215,167.42386011276838,28.158280481440595,0.0
23.5209971960235,49.702222107921266,150.16055674527345,24.530142770226533,0.0
26.18335642713489,38.16870744980697,182.04109487509422,35.39852897463509,0.0
50.23658853310724,22.04506539824723,388.84466423396975,59.62355088120494,1.0
24.03584247504102,40.17913747890406,161.69232929413582,32.847273591517386,0.0
25.99379029421069,45.58221564575223,124.83643586800898,28.060374165206877,0.0
25.671652072837393,54.06268605031699,143.8243574813501,30.53036726325511,0.0
23.119098826636698,37.49963314490766,122.08688900128352,32.93149952791278,0.0
27.07043197513334,58.180563456077124,163.89011165008623,27.65046742047353,0.0
51.907270393452436,12.819541046076262,339.33429802316834,59.96418276024944,1.0
35.40163421901172,21.124687940136024,415.31955938963716,57.788449252078166,1.0
16.909340071175286,45.77106654600195,127.5303987919218,27.426258299976396,0.0
47.36816038405727,27.308745131547347,434.76618369987585,61.336012142610606,1.0
29.569089569224076,46.30179769035966,130.02019983374367,35.7134818269493,0.0
23.996496292477154,57.069279499893376,124.30812147685104,27.737061050538752,0.0
22.028391024607934,45.52862522182729,136.6009138721488,25.664102361887842,0.0
20.955443733682863,48.18812720920135,161.44432165379715,26.221897298530564,0.0
47.744419176586824,19.998641237403714,370.76174897138105,61.1552063251746,1.0
22.518307169343032,47.40134893193102,155.58097285322899,28.106524381385743,0.0
24.829163128836797,64.8327405306735,122.49614417570763,23.89397629605542,0.0
29.614109699397908,43.613622043692374,140.8293897046328,36.7080560681423,0.0
27.165016192129706,55.77905086262217,106.85483178023509,24.735940550310648,0.0
28.83303046569553,57.15939501555553,126.50242247227838,26.54639219552576,0.0
23.04807229263452,54.29207874856323,120.26470267831681,25.441272040777616,0.0
17.047090574820963,40.432935503718525,137.3955042248082,28.774437716172145,0.0
25.68237980381239,39.75756481063284,147.38876953656322,34.908662505596254,0.0
25.089268418487237,44.17597647016692,151.73360842590625,29.837837193660175,0.0
26.000986315860846,51.0922826486619,115.92064988517974,25.409853779725307,0.0
26.15595213918651,47.75119765691236,131.20076670652952,26.437039826111846,0.0
24.428983965749175,47.67780364649079,123.20356917399612,29.032253936390696,0.0
45.429465031466655,21.255080168310357,392.9774421800314,58.76926341354076,1.0
27.569196382970418,33.666121052605675,152.87565197868543,37.49626915550106,0.0
24.89586469088427,54.863172077732315,158.29950826422535,28.525831402288244,0.0
33.765553330076976,6.515713658091855,403.0992207407545,59.26338343400728,1.0
48.951859480258555,21.220699903060485,388.5020992239858,60.998320427988034,1.0
26.414405071407987,58.58005869847842,133.81145485912103,27.885276962680123,0.0
23.222818227283394,50.22544925895303,127.48448163380328,28.74166560215295,0.0
38.094776984231125,9.611581438072617,376.615290773712,55.73135104589246,1.0
22.86146265196851,45.35581240156222,167.00540263626124,33.77358180296463,0.0
43.152365355833204,25.715431522348858,388.00647214900476,55.65152476209542,1.0
29.433682134224547,46.084484459854224,127.4074534817468,27.88436078264659,0.0
25.904642027000836,52.232172206162716,147.73666794239597,30.081985763952343,0.0
19.477377306005064,49.77988075959491,167.47071050506338,27.301160865795858,0.0
24.235068347737435,63.359236034811246,105.53531039983707,24.92578255379344,0.0
28.282574555412847,47.785493600888636,175.18784224592306,31.971263794424623,0.0
27.597265582510364,49.691932243994344,152.32112252852787,33.364839745999994,0.0
23.609746921562614,48.50502684670913,142.7047182771114,29.340354250989535,0.0
22.031185539224257,66.44965703952258,185.49007511284094,23.98343476849181,0.0
19.663839253287165,47.41856128926291,142.17354923692113,25.549492353278985,0.0
47.100472452259204,25.114630354083562,395.35083827512165,60.493951380997636,1.0
26.493994873736348,52.249531391755006,76.49028413339299,23.8566652114392,0.0
40.84088895884778,30.19283923641769,433.33335647121226,57.43248133146072,1.0
42.2522143204571,18.350580290841176,290.0998062909906,53.27254642718258,1.0
23.91710150254276,45.585134832860426,193.47249159493947,34.131643220316846,0.0
23.040012302278864,37.388862744126,128.3456287946375,30.450315143185627,0.0
47.757381376197614,7.658262012215042,419.28266909341545,64.50397302225937,1.0
46.27691877837159,8.684222708346686,357.7376942895899,62.830064765261916,1.0
48.60781252563072,0.0,363.61266332072665,67.50755684511577,1.0
51.187190673420695,20.950294658355645,460.65576221014294,61.34420990643421,1.0
49.29225558328333,9.835703561124284,327.17586797805933,64.6555347848003,1.0
28.092998567487854,61.36403398391884,158.4620960865423,31.72096718782022,0.0
18.754211776348832,50.707255090334776,163.36264121201376,28.80577396707669,0.0
26.7126715320795,60.539152525074606,137.923473707914,29.286483874484976,0.0
19.143736601432494,53.44033317752856,157.00402897049017,29.982435792696936,0.0
26.862016292652033,43.51798050388495,156.50701266457216,32.84262361354215,0.0
25.73489971332617,48.79955530373979,156.72817353112768,28.937763555433133,0.0
39.57424736721101,17.49308595641729,339.3130521331328,58.27698334803556,1.0
55.28271782414771,7.575157674616159,463.1247223024874,68.13803769913338,1.0
25.67227744543125,61.074182548084146,145.06653949231685,25.64822383657269,0.0
28.112619832773696,47.07742758950313,154.74265419025988,34.87741884534513,0.0
19.585353698006443,34.19626746916903,163.67797787938025,30.911400203602938,0.0
30.256811330270867,53.35625955125622,121.2801491210336,29.35936814518664,0.0
47.40933030859246,6.815713340579986,378.5865965193511,60.51781356338216,1.0
51.70230525895174,13.154746423441505,328.95014666134193,61.70923443807753,1.0
41.18356947910709,23.48174212666668,366.45656806211076,55.890782898314285,1.0
25.890954019699556,51.94671559458153,175.02615231417852,29.23039009058387,0.0
40.368094350092306,31.850142787085094,381.77841895904515,56.237178570639315,1.0
29.58865095838184,56.525897700314374,169.76563997906922,29.59740137683308,0.0
38.50209381536201,8.952553354617873,396.7760100281296,60.12329951867105,1.0
26.901757066954033,62.59189410632026,159.03758813015253,27.813973643835322,0.0
22.593168192335142,60.22761490085839,177.7424960489056,29.49732872908019,0.0
25.202555444230327,67.1611930221871,119.01854012866319,22.31925415121478,0.0
27.302304187458727,46.17001102669218,190.616961461739,31.006158462186058,0.0
27.100929638226972,47.83101119165945,160.21632028701677,31.957326553776365,0.0
27.914712852863065,53.31039277961199,117.2794900220222,29.373153320138684,0.0
23.01212872316246,49.43600977552727,149.51849050664012,27.41864347489239,0.0
25.972251908184386,45.014875788601884,164.49082933033938,29.865632098749227,0.0
29.100622802333575,47.46873240244158,154.93289268513988,30.525063901664748,0.0
22.900823476022243,54.31004793957095,159.76162124822224,28.668783527441775,0.0
25.174626155338,45.430568081737626,176.90017846496497,32.04105085498632,0.0
38.40376402700616,7.300039338025427,395.091642656171,61.53237425496181,1.0
25.725886814698104,61.57582307482986,172.07774442867898,25.347167887695733,0.0
23.764369101632596,29.27166166284072,134.59096479901305,34.88923615965253,0.0
27.926635381367078,55.063454542044084,178.49696402822613,30.285104567832384,0.0
31.277161827056382,40.85596069815613,155.98117160277874,36.069087063957014,0.0
24.655790675599302,46.32892589704848,102.95377386255902,34.348133305586664,0.0
24.944460592022832,44.49479723857821,96.60814465053261,29.1169063572006,0.0
23.90916336335843,41.80650540536636,136.04245615134923,30.960938392805893,0.0
29.353430823385125,50.83360883161501,166.39751941324403,35.21302074709017,0.0
28.50334618497942,54.331701825638305,150.52216220739905,30.82135599188007,0.0
26.73121638154162,29.56863092078436,109.97740053808711,36.194898895003526,0.0
25.290987894978155,58.84420746366387,100.5175047406053,25.381271073970183,0.0
22.40802769096055,49.92704802684637,165.95979814020959,29.661078631630023,0.0
44.73439673491227,2.967991446108556,429.2996841111921,72.27245893471613,1.0
25.298954095262925,62.52419223387472,159.18218283503353,26.966794158353114,0.0
50.36489023883006,8.032281815704252,374.5076901188482,61.18121220645623,1.0
23.201822063667933,61.136018290756795,115.50954588027673,26.596497820941163,0.0
26.936127848755444,48.51769872897833,74.51219610447937,23.892727817935842,0.0
51.22339790368393,15.239030432849555,354.7972264383857,58.343881334542914,1.0
25.696761091483012,61.55011683258608,104.23417757858857,23.775734152503198,0.0
36.558194471964164,45.718118307515454,172.37595785190288,37.92909082776319,0.0
20.44189010213796,45.59755876923664,175.01455795107447,31.483455988057337,0.0
47.49842555151467,16.718393397935312,447.1890083344284,62.39532195446148,1.0
32.337255938850475,44.85185415695886,138.24894630601247,35.27750495538878,0.0
29.758050448436055,47.42691959026094,119.14127820300195,26.827441123227878,0.0
27.009017646490115,40.20847786590195,178.02576668311178,32.86033501347558,0.0
24.6162472255577,51.068327238258256,150.01319897141494,28.922299493351108,0.0
26.96966082590149,53.58166848013852,182.87286133960117,31.98337580102906,0.0
21.493965887141403,51.49287298525086,154.76249199447665,26.876266058688408,0.0
23.44518934517906,58.35328701655258,158.10898204304007,25.04316581184385,0.0
52.266303316605175,0.0,373.28881774124454,67.55697165781311,1.0
48.71341209179861,6.049301577233953,419.3550660475216,64.55965065448598,1.0
19.860596412727368,49.84289760858655,149.3369685187735,28.969396192125405,0.0
46.12653961020471,31.999573745763804,390.2646408249993,53.92372724084342,1.0
25.209406254970055,62.00607832507448,107.91404519447624,24.536836988941563,0.0
26.785471076310742,59.496242444483045,168.69775640293835,26.9920669378543,0.0
22.856945745920896,58.93836665270502,184.34146362907393,24.915789853088658,0.0
26.898345598318855,67.25846570612403,145.4902079559398,29.197043929575848,0.0
42.485126147243285,4.103669626576117,408.67102255050514,66.91406240991847,1.0
24.76869487175769,56.72514839190979,134.4337659566387,24.477357889068905,0.0
25.13671551971144,53.19378498084223,173.82841584783114,28.146266668654587,0.0
40.406567442569525,6.201856464979457,438.2120223295101,65.23436446263244,1.0
30.59732353343427,52.74180277102163,146.56378713430772,28.76972466233746,0.0
38.538686524471906,6.523660713809152,459.07737704473095,65.87002436499613,1.0
49.13023585720753,24.41310580767483,465.0383566144825,63.83961570338648,1.0
18.88562639446644,49.781563683920545,129.72856221974155,27.064358940008894,0.0
29.598216739007732,68.32754058072594,157.13885187144143,23.323278420735964,0.0
27.890128387732965,49.282114445702184,143.84843779675128,28.755113574754127,0.0
27.241880815369786,66.70699763824582,179.32811593966602,27.784308782466706,0.0
19.7108795339118,45.752024359985455,214.73909105046533,34.79019290538281,0.0
46.471120645067465,11.29491901409971,376.44532693045215,63.70396224152708,1.0
23.301106811191683,53.01769500051617,170.20144495702863,32.06181112187859,0.0
26.152196346817924,46.966978072100105,132.63217172277353,30.793436098772297,0.0
38.24462816895989,11.485857642862674,381.9994856801675,59.62387666106282,1.0
27.05815437999532,48.82398398697209,180.97365882348595,35.49381359226861,0.0
46.702946082002484,15.819955564135604,414.74932589270077,61.92520016564568,1.0
23.40849655716842,44.115760459281866,185.5687034024985,31.998010217720847,0.0
25.986253328979053,47.12566327370352,155.02899139682097,33.94619349890894,0.0
31.18224377464596,40.4992126477639,151.4983157566582,34.1833406369377,0.0
24.069199730219633,49.539049623731316,134.4788100437221,27.025298346399936,0.0
26.915777376332123,62.24600665874958,160.96189347024318,30.63546699277939,0.0
25.633052401607856,40.86648708693196,141.9833093610702,29.720621254880008,0.0
20.777608676870337,38.47959293924565,149.26842965787554,34.91175121710392,0.0
26.205135166296824,36.836810024344864,166.13038964875142,32.52663553542826,0.0
27.469511751885744,48.01047099053162,150.35682669591085,30.924260179850275,0.0
28.800733447559868,49.79556743206844,184.81163250160822,31.560068101161242,0.0
26.963096969062175,60.62555313479246,118.73980665075706,26.10261800186945,0.0
19.889852681934535,54.551864633482204,149.36064219520014,23.981798557562087,0.0
26.711796005779476,53.892013150609614,143.4277292697933,32.44683365042046,0.0
40.020923026048855,14.66387435296287,414.1001987342752,60.436436823530826,1.0
24.656380464242147,51.79131307251729,145.92332590140592,33.66422404985756,0.0
32.389726337455855,62.6196262381078,171.18554192876053,27.81032588915042,0.0
18.779829302775553,45.12173676544494,137.8192858971612,30.111005746391697,0.0
30.31240190690653,54.1275137416328,107.31605106017633,31.359525057151107,0.0
26.83175723585147,50.49343879878377,148.7836912107387,28.179388308369113,0.0
22.418759904148143,45.09277869167248,152.54640738154967,31.924884698759463,0.0
21.161269099792896,64.17801277335795,160.52432360973475,25.77987979842414,0.0
21.75681001720031,45.48601921074089,152.13295356412561,32.59995534537265,0.0
20.794446811623157,44.399033480486615,165.38418710032633,30.051219276025623,0.0
46.51909297802438,4.914453159237919,398.75764268516394,63.0924405627785,1.0
29.885846636713875,63.421606512611525,159.8103991794692,29.565865501884378,0.0
23.971937217758953,48.92786266661666,133.10729802095972,26.77974236401911,0.0
27.90593497159867,54.05819224885838,138.1274085844369,30.870711334172135,0.0
28.921428262847286,56.97965862624116,145.77945692024974,25.009191722576062,0.0
43.641724448369736,3.103333409096386,359.8378161263196,62.33650557654321,1.0
24.242295545820518,47.100472468774946,182.6085060719538,33.52803542867697,0.0
27.488216743550467,61.769362619948865,129.12142745924942,23.880427106973933,0.0
22.6809706484336,56.82732447024246,178.34425242167663,28.70353391181623,0.0
49.14866208939587,0.0,366.67775771996963,61.55634429488073,1.0
29.511978965748064,53.15737223858385,157.99129564797443,32.43798881962572,0.0
23.591576842195146,60.04604900458817,158.07698182790074,28.992047234670792,0.0
23.5842044026317,63.82034536080569,154.21636679916818,26.065898540092384,0.0
23.269324391430555,51.363329779003905,113.311868356189,26.743604078590838,0.0
19.991784156635884,50.45319939917686,210.3153855403229,31.88201273489907,0.0
26.37754023768531,47.06377728733342,126.8941713932924,28.50609410629027,0.0
24.90191575571772,48.371357119181106,139.7679390471724,28.709510988874744,0.0
28.309905646049565,49.02601993293373,160.5396652653614,31.826831853063137,0.0
22.89047072462234,47.749379543054296,188.3431927479125,31.783760568195586,0.0
26.54510580162598,57.161545760221856,156.67816627528708,27.25816801580654,0.0
24.92762473866999,53.04926707906222,139.48095515797365,24.357362212905844,0.0
22.41614739601521,56.70792619561313,121.52917205548077,24.459906277360865,0.0
20.77461611090932,49.973004340712386,156.25500515629236,26.95685399237207,0.0
24.340984336487463,70.21545940698897,160.09325225841525,26.5774818423668,0.0
20.216717023616898,51.00179602118326,133.12054312564047,27.925034064814206,0.0
25.98078212129249,39.024790856549146,142.0038119186289,33.92663763934907,0.0
49.345780321946364,19.63206292099123,416.3442923080707,61.42219210332738,1.0
41.93881632746125,25.237095461069813,413.18034942292036,55.47829935222582,1.0
27.772081057620703,58.1925002064917,166.26125231340347,31.330401121453082,0.0
20.17755029631632,55.20160942366929,151.75130407782953,26.39991389483468,0.0
24.34269841357341,37.09150881698607,153.7939498062185,34.18742809785621,0.0
18.366594072976344,48.32541058278507,202.23846804236933,31.0348495650769,0.0
20.161852386431043,67.13816286889491,133.7499354794135,23.50119466804262,0.0
42.913165931974575,34.87061111699441,435.0418717011918,56.07634861198142,1.0
30.6460734894251,47.08037816365692,168.60479928749842,30.108105412298265,0.0
25.88836083119373,48.66305535746517,124.99171688486064,31.589462897598676,0.0
26.479953702642668,57.308677009865995,140.76807151884492,28.144658212655727,0.0
25.59717908672041,37.547344810721995,135.94579933554246,35.612355576641896,0.0
22.533338813300706,47.61949197312006,157.70126348760255,31.524708935394653,0.0
49.43645418633371,1.3286219353975426,387.68766115444464,64.80345490827577,1.0
44.93081126952881,4.833168714235027,405.6502856034985,65.69060334219081,1.0
31.45954737253467,43.96828328906659,149.53228108885256,31.004630628491146,0.0
24.71182030082605,57.072363170888394,177.81720937474813,30.80043946915672,0.0
25.550026017215057,49.213282985642,173.68816155307144,29.71135799902661,0.0
24.071360682058028,66.04874310527299,163.06285263164395,24.836890510435293,0.0
20.455458325942406,50.215086711956246,183.5112611505786,33.45246077775119,0.0
26.084908075142902,55.26835418138264,171.01550066261382,30.35476024326816,0.0
24.054192266078964,63.887710425322,143.2867338023542,26.59094446344419,0.0
49.98429386732904,12.585025541292211,366.1473609013706,64.92018932839609,1.0
27.088619094440254,50.1701726138885,173.0412527981115,31.07420735436493,0.0
29.48813293446755,47.99333586835962,149.98228513558385,31.565939134247785,0.0
27.437577467182592,45.09769047612491,182.42486366402773,31.038026408875417,0.0
28.47578673702221,51.57216935761176,151.88584097253982,30.094775315714365,0.0
40.37287686970206,23.953554307625996,378.8408916774394,55.50374570250544,1.0
28.274520555767385,53.55682134576112,147.96193317245886,30.81823311304494,0.0
53.7479195210271,33.0930634973311,411.8249795498838,58.43385144851311,1.0
20.73323887120698,39.35013637153777,119.48218935214604,28.931927317012274,0.0
24.849285671652588,56.5421303936023,145.93017734819264,26.020036455566288,0.0
23.971856450419693,50.22995858347854,165.86803671404425,33.61211862947437,0.0
21.39911077883267,48.61898160047344,153.996409799935,28.828166846594858,0.0
36.96711449630661,18.97927049946809,393.6381915839979,55.6543588171123,1.0
25.626590785014265,62.40400394251262,126.12193551626618,24.6504335053497,0.0
25.063011524898275,52.919688019729804,136.43315500664946,29.303848030575747,0.0
28.29633055596157,51.73946298543778,205.7825036548158,34.484766335158696,0.0
23.431830938442882,56.2268886093331,176.29869044307296,30.949944246159642,0.0
24.525976304263033,56.88378790687796,100.7474045572041,24.81068440308009,0.0
29.897233911794906,39.64254819423275,175.81365510854144,34.60016570751573,0.0
25.219953901565212,62.858764608159944,126.15151451508387,25.778050134470206,0.0
21.411380127757987,64.36702138476417,134.80445032263918,22.436003926909162,0.0
51.117844412093135,4.579555877568971,411.54894651300094,64.9037302607374,1.0
22.622437784701898,63.47142153166295,146.78656221402673,24.87187540889771,0.0
26.468123683683753,46.802910515083184,125.47086172150796,32.778348973618044,0.0
49.24215441102642,14.685608296252235,361.92326159911056,56.75717626297778,1.0
37.75704292683228,7.534216534597611,397.2546381565813,58.00074463727098,1.0
46.63910586421542,3.693846650624737,445.42480588731775,69.55239619592454,1.0
21.755355989156815,54.06393061530035,146.30549202956323,28.628092137154265,0.0
51.00039478213431,11.403703275475376,413.3670566897959,68.43415607630997,1.0
28.42846844354506,46.42853108359577,167.73629542847598,35.42705707659622,0.0
22.574519191320437,55.45513191701049,120.52400522100494,25.54777685808978,0.0
26.4901424590337,57.50627044780798,145.427588972379,24.299940182135252,0.0
25.972499057465328,51.60879237371974,145.79640453538025,31.939897850100163,0.0
22.959925835264528,39.98768460647645,133.64810792181441,25.556093909610315,0.0
22.27592777343637,50.6582719142034,139.3410600948614,27.2776248230386,0.0
47.86028720857072,29.033699701251905,449.8756686213888,58.07544173101259,1.0
47.77756323171124,20.628808601743547,364.43036687086703,60.4189089905329,1.0
26.436939477239175,66.10709798021298,200.60774058217132,32.88031093014992,0.0
43.98509681302171,2.038833357501055,403.73489497106607,63.57273287017813,1.0
43.91491474787815,15.435146686434662,425.61919180803295,60.52243291018036,1.0
24.783969635258998,52.28692312579924,125.01744419262724,31.48824926928967,0.0
41.45210072625414,19.148655003619105,439.8628204231779,61.08769104802707,1.0
25.293028295646494,54.75803473332229,145.12729299118297,29.247128320833717,0.0
26.44302769521014,62.22774741130026,202.49304472916288,31.923064814906,0.0
25.512596314383824,47.022345791431576,149.86009952927384,29.847270153678984,0.0
25.392221731858275,52.77203105384572,139.72964280113538,30.104740592097905,0.0
20.454426813404343,41.261497882619366,152.21643977403593,31.01866033027269,0.0
39.25868355623691,27.748750412787224,378.0183890161786,55.401365040650944,1.0
21.039300378938073,45.18905884839029,179.7228342868661,31.19719848421269,0.0
45.27467055499925,23.539759765522238,384.3011557575651,56.2178605827088,1.0
25.140941781294227,54.3463842322911,142.300961759024,28.169819128302947,0.0
25.20258461406377,68.391184988954,172.98072336438008,24.88986130292631,0.0
49.0938882187743,21.515219913395057,395.3293633681901,58.461732132231006,1.0
24.901740189352005,48.327813941711796,180.89455479555386,32.753776752427754,0.0
44.3727286999855,18.676492929914215,427.42030955160817,58.01912715768354,1.0
45.12694210271205,22.567886799869818,384.59912753148546,58.296464717456054,1.0
40.74296782869843,16.23547695955582,451.8348712745206,61.399457244793666,1.0
58.103965455149876,10.088462528578953,436.4545088869889,70.24911076496217,1.0
25.545598765175484,55.936762976074455,94.70345221676233,25.81489072390776,0.0
23.26928903301279,42.25324436109092,160.7980636168485,32.4497662830271,0.0
21.286553503519453,66.61398386848673,135.18839352117766,24.542757207926517,0.0
29.43983241667008,69.94399613946233,157.5118589902707,25.74141351564199,0.0
26.14059355301789,41.873425448172824,158.59469703874714,31.238789249351512,0.0
27.481549747108073,34.88367415243575,116.99943721948236,32.37261903938055,0.0
23.53862384870591,42.812256145671704,191.0668238313991,30.880182791582605,0.0
23.754136258297596,46.09670873483438,141.0638644297393,32.8885132283325,0.0
27.746206353106224,54.67142548260771,138.38456756754016,29.003106297037395,0.0
21.217348136994865,44.99549838792377,133.84431725390493,30.38700060225885,0.0
43.4575860577209,20.581395145185063,392.37987576008754,53.547000932598344,1.0
29.77955987991819,41.64152644783173,133.76567404196436,37.40318375320793,0.0
25.623063061489333,26.62919613204314,126.76222849518975,35.27375017330932,0.0
22.482347430332084,43.34115541516617,154.21152440674035,30.09007500894627,0.0
27.058780571123542,49.805163261912135,144.37860045479803,33.341965560609104,0.0
25.222284341259325,63.11293444355254,218.99150097277695,31.3826826966366,0.0
28.16140615610471,44.82450577835541,112.15714018467932,33.482799364796016,0.0
25.921898562629828,34.014394523743135,189.9661792626179,35.271736271174426,0.0
26.831110796300393,48.88328297475861,159.24105480495234,29.47800679905964,0.0
29.06872008571247,46.898387520512124,149.42829844252796,33.17257312293623,0.0
50.482346169054416,10.127970788050728,333.80450255086816,61.83053638505051,1.0
28.175273460548762,57.71103293435928,155.24148538186566,30.107270427586347,0.0
20.01543981319312,59.750094813578535,150.49041644234975,28.82107299039664,0.0
23.489573037651404,49.4739979114161,195.95459191987806,31.028373148505274,0.0
25.366029443936085,44.02230656681741,116.18324285391164,30.226697942327586,0.0
25.360886895135696,38.779157825602454,166.48114171081014,33.889714702357516,0.0
26.331458284438686,54.348801236755456,157.21734073199642,31.96227921970332,0.0
24.021929403496475,42.21544847294756,178.50372596303166,35.758507958693365,0.0
22.75454039033034,59.981936581389874,145.1543465306799,25.57090166138747,0.0
46.94807088685452,13.491622884333047,460.8402490863752,66.41476836046968,1.0
30.556834553526812,42.650784428126414,128.84108362522815,32.05305584956651,0.0
30.65855770363159,39.12115087216065,166.81434253006827,33.78151185879056,0.0
24.39342204269832,65.31225083093429,153.57357736909267,25.341745091030127,0.0
38.38771021628215,30.63413358832108,450.2859686745029,54.70560217184644,1.0
23.165446591024157,56.12864222707752,167.33697279784985,31.152150023806033,0.0
29.56937223180897,50.65463486838052,175.97779468550672,33.95324731720849,0.0
22.277309013875207,54.462482450814896,124.94531360546318,22.82417153092225,0.0
48.255681209118286,19.547409121411345,377.1859453434528,56.018048430204246,1.0
22.15180333350417,48.188168864787784,180.29859963466,29.53469999716654,0.0
28.379695088643274,63.617719557081905,187.7788732561837,30.257100975689248,0.0
24.622639239701055,41.17433307422654,134.98941085653237,33.274285879584795,0.0
27.440528908001916,53.96545510378084,162.52111187361143,28.383111639375382,0.0
23.466352970706446,34.26914728499199,183.03260080682531,33.86164160858827,0.0
42.09973379314979,4.08066099604687,371.28324437009593,58.88827903256568,1.0
25.055255137568654,48.616431520612615,174.68336291472755,31.076376342832354,0.0
22.459618845794786,48.23228660936269,157.97936276047952,31.69903743375062,0.0
24.20602950028613,37.32877741211421,139.2674443870685,34.897775712789574,0.0
22.287050124686775,54.79942983996963,167.95464314269836,26.27010343174005,0.0
28.48949125646488,50.614575128482045,142.29914289535648,32.58919616665631,0.0
21.68042227377499,70.81346491344316,149.69777630384863,20.7617108850652,0.0
22.854088872220096,54.908143781843336,147.53529669289347,29.104655256790377,0.0
41.16671706108326,22.318707042882956,418.3074634421421,56.405812187635775,1.0
26.33278993445812,60.100672827417455,185.5592465424627,28.977447585526686,0.0
27.91766334888019,39.14734556301276,162.54456840418862,33.5306838558971,0.0
28.147027677510668,45.59051426937173,125.04848431713968,34.23931449702209,0.0
23.13190144053822,48.429201207320176,149.63869322804302,29.129857127577232,0.0
27.60881776031698,59.48563323730397,167.99394855370454,33.19715875219268,0.0
26.76057128140081,59.56037303139874,126.61403244888511,26.38802382425849,0.0
